gender,age averange
Female,43.45351534918127
Male,43.387767354596626
